TDSFU Daily run: Tue Oct 21 10:01:03 UTC 2025 TDSFU
TDSFU Daily run: Wed Oct 22 04:46:16 UTC 2025 TDSFU
TDSFU Daily run: Thu Oct 23 04:44:04 UTC 2025 TDSFU
TDSFU Daily run: Fri Oct 24 04:42:18 UTC 2025 TDSFU
TDSFU Daily run: Sat Oct 25 04:40:38 UTC 2025 TDSFU
TDSFU Daily run: Sun Oct 26 04:41:07 UTC 2025 TDSFU
TDSFU Daily run: Mon Oct 27 04:52:09 UTC 2025 TDSFU
TDSFU Daily run: Tue Oct 28 04:45:17 UTC 2025 TDSFU
TDSFU Daily run: Wed Oct 29 04:48:59 UTC 2025 TDSFU
TDSFU Daily run: Thu Oct 30 04:44:02 UTC 2025 TDSFU
TDSFU Daily run: Fri Oct 31 04:58:01 UTC 2025 TDSFU
TDSFU Daily run: Sat Nov  1 04:40:04 UTC 2025 TDSFU
TDSFU Daily run: Sun Nov  2 04:44:11 UTC 2025 TDSFU
TDSFU Daily run: Mon Nov  3 04:51:20 UTC 2025 TDSFU
TDSFU Daily run: Tue Nov  4 04:45:28 UTC 2025 TDSFU
TDSFU Daily run: Wed Nov  5 04:46:10 UTC 2025 TDSFU
TDSFU Daily run: Thu Nov  6 04:38:23 UTC 2025 TDSFU
TDSFU Daily run: Fri Nov  7 04:33:42 UTC 2025 TDSFU
